<?xml version="1.0" encoding="UTF-8"?>
<metadata xml:lang="en"><Esri><CreaDate>20211020</CreaDate><CreaTime>14410800</CreaTime><ArcGISFormat>1.0</ArcGISFormat><SyncOnce>TRUE</SyncOnce><DataProperties><itemProps><itemLocation><linkage Sync="TRUE">file://\\MCTTSU08649\C$\Users\ctalma01\Box\Classes\CLS91_IntroToDigitalHumanities\GibbonPlaces\pleiades_places</linkage><protocol Sync="TRUE">Local Area Network</protocol></itemLocation></itemProps><copyHistory><copy source="S:\GIS_Center_Projects\Kiepert_Atlas\ancient_world_mapping_center\cultural_data\pleiades_places\pleiades_places" dest="\\MCTTSU08649\C$\Users\ctalma01\Box\Classes\CLS91_IntroToDigitalHumanities\GibbonPlaces\pleiades_places" date="20211020" time="14410800"></copy></copyHistory><lineage><Process ToolSource="c:\program files\arcgis\pro\Resources\ArcToolbox\Toolboxes\Data Management Tools.tbx\Copy" Date="20211020" Time="144108">Copy S:\GIS_Center_Projects\Kiepert_Atlas\ancient_world_mapping_center\cultural_data\pleiades_places\pleiades_places.shp C:\Users\ctalma01\Box\Classes\CLS91_IntroToDigitalHumanities\GibbonPlaces\pleiades_places.shp Shapefile #</Process></lineage></DataProperties></Esri></metadata>
